Date,Unfiltered Strategy,Filtered Strategy,Benchmark (Buy & Hold)
2024-01-01,,,
2024-01-02,0.997749931974488,1.0,0.9964998639489759
2024-01-03,0.9943317073693767,1.0,0.9896719800378248
2024-01-04,0.9938345415156921,1.0,0.9961686522450485
2024-01-05,0.9945352854200019,1.0,0.9985696002273834
2024-01-08,0.9900048247884747,1.0,0.9894719234973727
2024-01-09,0.9895098223760805,1.0,0.9909368188746293
2024-01-10,0.9895098223760805,1.0,0.9943334681117328
2024-01-11,0.9896673044392906,1.0,0.9956443010880577
2024-01-12,0.989172470787071,1.0,1.0070210233642143
2024-01-15,0.9932612521381133,1.0041335373474243,1.0163531624070135
2024-01-16,0.9917970691465492,1.00265332733875,1.0133567160831174
2024-01-17,0.9814355700231102,1.0021520006750806,0.9921832420891651
2024-01-18,0.9789401368521611,1.0021520006750806,0.9871377209167241
2024-01-19,0.978450666783735,1.0021520006750806,0.9945037003273398
2024-01-22,0.978450666783735,1.0021520006750806,0.9945037003273398
2024-01-23,0.978450666783735,1.0021520006750806,0.9768603663738642
2024-01-24,0.9829172799248769,1.0021520006750806,0.9867559336257853
2024-01-25,0.9805956028911385,1.0021520006750806,0.982094445551877
2024-01-26,0.9805956028911385,1.0021520006750806,0.982094445551877
2024-01-29,0.980105305089693,1.0021520006750806,0.9998021892671417
2024-01-30,0.980105305089693,1.0021520006750806,0.9898904522005455
2024-01-31,0.980105305089693,1.0021520006750806,0.999254841040391
2024-02-01,0.980105305089693,1.0021520006750806,0.9979555065989463
2024-02-02,0.980105305089693,1.0021520006750806,1.0051467621787675
2024-02-05,0.980105305089693,1.0021520006750806,1.0013705714583188
2024-02-06,0.980105305089693,1.0021520006750806,1.0086239011600315
2024-02-07,0.980105305089693,1.0021520006750806,1.0086744767470428
2024-02-08,0.980105305089693,1.0021520006750806,0.9988983864591097
2024-02-09,0.980105305089693,1.0021520006750806,1.001867344098058
2024-02-12,0.980105305089693,1.0021520006750806,0.9942116555078476
2024-02-13,0.980105305089693,1.0021520006750806,1.0000620741218915
2024-02-14,0.980105305089693,1.0021520006750806,1.0045143427603653
2024-02-15,0.980105305089693,1.0021520006750806,1.0077660924915197
2024-02-16,0.980105305089693,1.0021520006750806,1.013742994989244
2024-02-19,0.9814284515680844,1.0021520006750806,1.0174938530000353
2024-02-20,0.9830854244933329,1.0021520006750806,1.0209295792892703
2024-02-21,0.979943139391676,1.0021520006750806,1.0144030827572015
2024-02-22,0.9794531678219802,1.0021520006750806,1.0218724591494337
2024-02-23,0.9794531678219802,1.0021520006750806,1.021653986986713
2024-02-26,0.9769649020602519,1.0021520006750806,1.0174846901050527
2024-02-27,0.9764764196092218,1.0021520006750806,1.0209939890510593
2024-02-28,0.9705511959409745,1.0021520006750806,1.0096242736945953
2024-02-29,0.9700659203430041,1.0021520006750806,1.0110800061768694
2024-03-01,0.9700659203430041,1.0021520006750806,1.0274515842061516
2024-03-04,0.9710323680575107,1.0031504147934718,1.030526274466614
2024-03-05,0.9699640914067791,1.002648839586075,1.028258817287652
2024-03-06,0.9725184780398963,1.002648839586075,1.0336746272161517
2024-03-07,0.9729403893033879,1.002648839586075,1.034571512936795
2024-03-08,0.9729403893033879,1.002648839586075,1.034571512936795
2024-03-11,0.9694605810193119,1.002648839586075,1.027171037921539
2024-03-12,0.9689758507288023,1.002648839586075,1.0273112661476933
2024-03-13,0.9611597401320644,1.002648839586075,1.0117652469898766
2024-03-14,0.9644138502148523,1.002648839586075,1.018616127970788
2024-03-15,0.9617291782874408,1.002648839586075,1.0129450146350296
2024-03-18,0.9612483136982971,1.002648839586075,1.0144329070820464
2024-03-19,0.9612483136982971,1.002648839586075,1.0034748033413663
2024-03-20,0.9612483136982971,1.002648839586075,1.004470594428439
2024-03-21,0.9612483136982971,1.002648839586075,1.012420663478039
2024-03-22,0.9612483136982971,1.002648839586075,1.0163210024422706
2024-03-25,0.9612483136982971,1.002648839586075,1.0163210024422706
2024-03-26,0.9612483136982971,1.002648839586075,1.0120872059665176
2024-03-27,0.9612483136982971,1.002648839586075,1.0175582627618238
2024-03-28,0.9612483136982971,1.002648839586075,1.026906571619298
2024-03-29,0.960767689541448,1.002648839586075,1.026906571619298
2024-04-01,0.9602873056966773,1.002648839586075,1.033120361902012
2024-04-02,0.9596212091158818,1.002648839586075,1.032720248821108
2024-04-03,0.9592226639180864,1.002648839586075,1.0318624401525962
2024-04-04,0.9609329159562798,1.002648839586075,1.0355419713142096
2024-04-05,0.9604524494983018,1.002648839586075,1.0354982229822831
2024-04-08,0.9632272757435244,1.002648839586075,1.0425170005389037
2024-04-09,0.962726868661575,1.002648839586075,1.0414338026202823
2024-04-10,0.9650877031647875,1.002648839586075,1.0465414877469184
2024-04-11,0.9650877031647875,1.002648839586075,1.0465414877469184
2024-04-12,0.9601167328907659,1.002648839586075,1.0357604434769303
2024-04-15,0.9596366745243206,1.002648839586075,1.0244044724629402
2024-04-16,0.9596366745243206,1.002648839586075,1.018673620645188
2024-04-17,0.9596366745243206,1.002648839586075,1.018673620645188
2024-04-18,0.9558627853382629,1.002648839586075,1.011680175798225
2024-04-19,0.9591470193177086,1.002648839586075,1.0186322079531591
2024-04-22,0.9586674458080499,1.002648839586075,1.0273435159447397
2024-04-23,0.9588662320211758,1.002648839586075,1.0287969127871162
2024-04-24,0.9583867989051653,1.002648839586075,1.0303791291530706
2024-04-25,0.9583867989051653,1.002648839586075,1.0381038089525614
2024-04-26,0.9583867989051653,1.002648839586075,1.0311862724022673
2024-04-29,0.9583867989051653,1.002648839586075,1.041463716777431
2024-04-30,0.9570917704456045,1.002648839586075,1.039690606766007
2024-05-01,0.9566132245603817,1.002648839586075,1.039690606766007
2024-05-02,0.9566132245603817,1.002648839586075,1.0416844347477454
2024-05-03,0.9524950719280382,1.002648839586075,1.0337573627679053
2024-05-06,0.9520188243920742,1.002648839586075,1.032232639076351
2024-05-07,0.9520188243920742,1.002648839586075,1.0257842966485449
2024-05-08,0.9520188243920742,1.002648839586075,1.0257842966485449
2024-05-09,0.9520188243920742,1.002648839586075,1.009916318514087
2024-05-10,0.9520188243920742,1.002648839586075,1.0144099100122859
2024-05-13,0.9520188243920742,1.002648839586075,1.0166567955936892
2024-05-14,0.9520188243920742,1.002648839586075,1.0218908747717022
2024-05-15,0.9520188243920742,1.002648839586075,1.0210952300573855
2024-05-16,0.9520188243920742,1.002648839586075,1.0304457847224535
2024-05-17,0.9528654263357768,1.002648839586075,1.033308919907584
2024-05-20,0.9523889936226089,1.002648839586075,1.033308919907584
2024-05-21,0.9523889936226089,1.002648839586075,1.036204304889761
2024-05-22,0.9523889936226089,1.002648839586075,1.0393664019817723
2024-05-23,0.9523889936226089,1.002648839586075,1.0563773165168457
2024-05-24,0.9516940469294318,1.002648839586075,1.0558920424119864
2024-05-27,0.9512181999059671,1.002648839586075,1.0547582689063535
2024-05-28,0.9498238522285283,1.002648839586075,1.0527207824249922
2024-05-29,0.9460173782279572,1.002648839586075,1.0442831036306353
2024-05-30,0.9455443695388432,1.002648839586075,1.034346123686685
2024-05-31,0.9455443695388432,1.002648839586075,1.036280123354126
2024-06-03,0.9455443695388432,1.002648839586075,1.0700030803496952
2024-06-04,0.9170392328151343,1.002648839586075,1.0065587463291148
2024-06-05,0.9165807131987268,1.002648839586075,1.0404035159285696
2024-06-06,0.9165807131987268,1.002648839586075,1.0496506736120208
2024-06-07,0.9255356753585771,1.002648839586075,1.0712104265120996
2024-06-10,0.9249206854747848,1.002648839586075,1.069786853994568
2024-06-11,0.9244582251320475,1.002648839586075,1.0700467388493178
2024-06-12,0.9251503267515836,1.002648839586075,1.0727189803889787
2024-06-13,0.9246877515882078,1.002648839586075,1.0762122891849177
2024-06-14,0.9246877515882078,1.002648839586075,1.0792800623579915
2024-06-17,0.9246877515882078,1.002648839586075,1.0792800623579915
2024-06-18,0.9246877515882078,1.002648839586075,1.0835253573686243
2024-06-19,0.9246877515882078,1.002648839586075,1.0815981849562686
2024-06-20,0.9246877515882078,1.002648839586075,1.0839438860717971
2024-06-21,0.9246877515882078,1.002648839586075,1.0809128543109574
2024-06-24,0.9246877515882078,1.002648839586075,1.0826031389383235
2024-06-25,0.9246877515882078,1.002648839586075,1.0910408177326805
2024-06-26,0.9271002804821875,1.002648839586075,1.097824953311905
2024-06-27,0.9266367303419465,1.002648839586075,1.105906087692677
2024-06-28,0.9255201784488156,1.002648839586075,1.1043468683964826
2024-07-01,0.9280517002742945,1.002648839586075,1.1103881806559959
2024-07-02,0.9277038125974841,1.002648839586075,1.1095557046971416
2024-07-03,0.9308312443703269,1.002648839586075,1.1170366694565577
2024-07-04,0.9311311614555462,1.002648839586075,1.1177564957065091
2024-07-05,0.931546861680271,1.002648839586075,1.1187545326011752
2024-07-08,0.9314836929582879,1.002648839586075,1.118602805840141
2024-07-09,0.9336409258168745,1.002648839586075,1.1237839737912447
2024-07-10,0.9315631493911687,1.002648839586075,1.1187821111184264
2024-07-11,0.9314003854432861,1.002648839586075,1.118391160932505
2024-07-12,0.9349665189652429,1.002648839586075,1.1269553236105425
2024-07-15,0.936579649287569,1.002648839586075,1.1308440742075905
2024-07-16,0.93708058632389,1.002648839586075,1.1320537560098924
2024-07-17,0.93708058632389,1.002648839586075,1.1320537560098924
2024-07-18,0.940656546631326,1.002648839586075,1.1406937371522954
2024-07-19,0.9355371756445512,1.002648839586075,1.1282776551217475
2024-07-22,0.9351243341879724,1.002648839586075,1.1272818640346751
2024-07-23,0.9345482246716348,1.002648839586075,1.1258928769540875
2024-07-24,0.9332969431822,1.002648839586075,1.122877925175619
2024-07-25,0.9331554894383971,1.002648839586075,1.122537550576709
2024-07-26,0.9413520145386846,1.002648839586075,1.142257537895981
2024-07-29,0.9413757048375324,1.002648839586075,1.142315030570381
2024-07-30,0.9417775044041131,1.002648839586075,1.143290160227591
2024-07-31,0.9435553613742705,1.002648839586075,1.147606692255098
2024-08-01,0.9446851175570414,1.002648839586075,1.150354842091428
2024-08-02,0.939147876210376,1.002648839586075,1.1368693064847324
2024-08-05,0.9386783022722709,1.002648839586075,1.10641660467489
2024-08-06,0.9369788427353273,1.002648839586075,1.1035167280775258
2024-08-07,0.9429334194012797,1.002648839586075,1.1175426049912796
2024-08-08,0.9394310121124243,1.002648839586075,1.1092406628078892
2024-08-09,0.9389612966063682,1.002648839586075,1.1207621947576913
2024-08-12,0.9380968491666332,1.002648839586075,1.119819314897528
2024-08-13,0.9376278007420499,1.002648839586075,1.110252533877333
2024-08-14,0.9376278007420499,1.002648839586075,1.1104710060400538
2024-08-15,0.9376278007420499,1.002648839586075,1.1104710060400538
2024-08-16,0.9376278007420499,1.002648839586075,1.1287490950518293
2024-08-19,0.9377607368667032,1.002648839586075,1.1301979104467146
2024-08-20,0.93729185649827,1.002648839586075,1.1360023349212383
2024-08-21,0.93729185649827,1.002648839586075,1.1392839988095413
2024-08-22,0.9376046109453423,1.002648839586075,1.1411835927046459
2024-08-23,0.9378247399171762,1.002648839586075,1.1417194423965165
2024-08-26,0.9373558275472177,1.002648839586075,1.1503410079166505
2024-08-27,0.9370211420291936,1.002648839586075,1.1506698839806804
2024-08-28,0.9376690932936024,1.002648839586075,1.1522612632416174
2024-08-29,0.9395330197689878,1.002648839586075,1.1568422615713654
2024-08-30,0.9411009876695842,1.002648839586075,1.1607035234834657
2024-09-02,0.9418990178328848,1.0029977363727962,1.1626720187555466
2024-09-03,0.9419204499443717,1.0024962375046098,1.1627249299824556
2024-09-04,0.9404086289954386,1.0024962375046098,1.1589924875939333
2024-09-05,0.9394084675440585,1.0024962375046098,1.156527219682113
2024-09-06,0.933936248683737,1.0024962375046098,1.1430532724426012
2024-09-09,0.9355192933642749,1.0024962375046098,1.1469282786971753
2024-09-10,0.9374832524282627,1.0024962375046098,1.1517438291720155
2024-09-11,0.9351873730757507,1.0024962375046098,1.146102629993406
2024-09-12,0.9347197793892129,1.0024962375046098,1.1677406268300514
2024-09-13,0.9336559918183039,1.0024962375046098,1.1662503987431372
2024-09-16,0.9341576802567132,1.0024962375046098,1.1675037390450618
2024-09-17,0.9347980390902902,1.0024962375046098,1.1691043710332851
2024-09-18,0.9340441267226549,1.0024962375046098,1.1672186113129583
2024-09-19,0.9347480399598916,1.0024962375046098,1.1689778871496048
2024-09-20,0.9342806659399118,1.0024962375046098,1.1862325167247527
2024-09-23,0.9364960252944415,1.0024962375046098,1.1930443206535326
2024-09-24,0.9365203882487001,1.0024962375046098,1.1931063947754241
2024-09-25,0.9376711641398162,1.0024962375046098,1.1960385211698348
2024-09-26,0.9414915713243296,1.0024962375046098,1.205784697300619
2024-09-27,0.9408253609811285,1.0024962375046098,1.2040782428585777
2024-09-30,0.9403549483006379,1.0024962375046098,1.1871478180676647
2024-10-01,0.9396306680543006,1.0024962375046098,1.18650623575428
2024-10-02,0.9391608527202735,1.0024962375046098,1.18650623575428
2024-10-03,0.9287378693615695,1.0024962375046098,1.1613566043317307
2024-10-04,0.924406841531615,1.0024962375046098,1.1505249844747312
2024-10-07,0.9203630815008338,1.0024962375046098,1.1404591850072032
2024-10-08,0.9243977909457005,1.0024962375046098,1.1504583289053483
2024-10-09,0.923821248329002,1.0024962375046098,1.1490232578529367
2024-10-10,0.9233593377048376,1.0024962375046098,1.1497821611550194
2024-10-11,0.9233593377048376,1.0024962375046098,1.1482091975163513
2024-10-14,0.9233593377048376,1.0024962375046098,1.1557384022228812
2024-10-15,0.9233593377048376,1.0024962375046098,1.1524912339392182
2024-10-16,0.9233593377048376,1.0024962375046098,1.14853349213289
2024-10-17,0.9233593377048376,1.0024962375046098,1.1383480360367666
2024-10-18,0.9233593377048376,1.0024962375046098,1.1431406792741505
2024-10-21,0.9233593377048376,1.0024962375046098,1.139785352896772
2024-10-22,0.9171408909867366,1.0024962375046098,1.1255731637850401
2024-10-23,0.9164550691960494,1.0024962375046098,1.1238897962450627
2024-10-24,0.9159968416614513,1.0024962375046098,1.1222294257748453
2024-10-25,0.9114355343770786,1.0024962375046098,1.1121751248421974
2024-10-28,0.9109798166098901,1.0024962375046098,1.1194582788687553
2024-10-29,0.9109798166098901,1.0024962375046098,1.125331694552559
2024-10-30,0.908178633268932,1.0024962375046098,1.119536432973018
2024-10-31,0.9077245439522976,1.0024962375046098,1.1133042270680351
2024-11-01,0.9077245439522976,1.0024962375046098,1.1178576468805317
2024-11-04,0.9015003794794951,1.0024962375046098,1.1036454577687997
2024-11-05,0.9055945699653997,1.0024962375046098,1.1136699343766026
2024-11-06,0.9106576906863877,1.0024962375046098,1.126122847651688
2024-11-07,0.9053631151679865,0.9969825081983346,1.113028262230914
2024-11-08,0.9049104336104026,0.9964840169442355,1.1106756440279966
2024-11-11,0.9049104336104026,0.9964840169442355,1.1103583563311503
2024-11-12,0.8996253355434196,0.9964840169442355,1.098498695590032
2024-11-13,0.899175522875648,0.9964840169442355,1.0835782685955324
2024-11-14,0.899175522875648,0.9964840169442355,1.082366251153333
2024-11-15,0.899175522875648,0.9964840169442355,1.082366251153333
2024-11-18,0.899175522875648,0.9964840169442355,1.0787373854110347
2024-11-19,0.899175522875648,0.9964840169442355,1.0817131703050682
2024-11-20,0.8987259351142102,0.9964840169442355,1.0817131703050682
2024-11-21,0.8955045383075381,0.9964840169442355,1.0739585763484287
2024-11-22,0.8950567860383843,0.9964840169442355,1.0995933920435337
2024-11-25,0.900499311234936,0.9964840169442355,1.114065466010015
2024-11-26,0.8999899781007172,0.9964840169442355,1.1128052086207019
2024-11-27,0.8995399831116669,0.9964840169442355,1.1165031554045841
2024-11-28,0.8995399831116669,0.9964840169442355,1.0999107695726835
2024-11-29,0.8995399831116669,0.9964840169442355,1.1098891622086626
2024-12-02,0.8995399831116669,0.9964840169442355,1.1165560666314933
2024-12-03,0.8995399831116669,0.9964840169442355,1.1248855873321348
2024-12-04,0.8995399831116669,0.9964840169442355,1.1253592730698105
2024-12-05,0.8995399831116669,0.9964840169442355,1.1364416148865772
2024-12-06,0.898533204741073,0.9953687373860867,1.135034212183721
2024-12-09,0.8974627192694101,0.9948710530173936,1.1323297208470136
2024-12-10,0.8970139879097755,0.9948710530173936,1.1319181092312296
2024-12-11,0.8970139879097755,0.9948710530173936,1.133378423160995
2024-12-12,0.8948709334150085,0.9948710530173936,1.1290962969058242
2024-12-13,0.894423497948301,0.9948710530173936,1.139196681810296
2024-12-16,0.8921697882379118,0.9923642421409871,1.1345949322183817
2024-12-17,0.8917237033437929,0.9918680600199167,1.1193133793628058
2024-12-18,0.8917237033437929,0.9918680600199167,1.113005265161154
2024-12-19,0.8917237033437929,0.9918680600199167,1.1016377956122836
2024-12-20,0.8917237033437929,0.9918680600199167,1.0848867659319599
2024-12-23,0.8917237033437929,0.9918680600199167,1.0925194574524102
2024-12-24,0.8907935870508883,0.9918680600199167,1.091332862552172
2024-12-25,0.8907935870508883,0.9918680600199167,1.091332862552172
2024-12-26,0.8903481902573629,0.9918680600199167,1.0923699764989696
2024-12-27,0.8903481902573629,0.9918680600199167,1.0952768600160265
2024-12-30,0.886753031960116,0.9918680600199167,1.0875268475068782
2024-12-31,0.886309655444136,0.9918680600199167,1.0875222660593868
2025-01-01,0.886309655444136,0.9918680600199167,1.0920342731798545
2025-01-02,0.886309655444136,0.9918680600199167,1.1125361608709694
2025-01-03,0.8824973028889943,0.9918680600199167,1.1040778206467499
2025-01-06,0.8820560542375498,0.9918680600199167,1.086199934548182
2025-01-07,0.8833303109711858,0.9918680600199167,1.0904244782966486
2025-01-08,0.8828886458157003,0.9918680600199167,1.089552835453359
2025-01-09,0.8828886458157003,0.9918680600199167,1.082081123421229
2025-01-10,0.8828886458157003,0.9918680600199167,1.0777116801668132
2025-01-13,0.8828886458157003,0.9918680600199167,1.0618183693226977
2025-01-14,0.8841701032835686,0.9918680600199167,1.065962513159308
2025-01-15,0.8837280182319268,0.9918680600199167,1.0676711235766392
2025-01-16,0.8837280182319268,0.9918680600199167,1.0722062175991707
2025-01-17,0.8837280182319268,0.9918680600199167,1.0672111821814374
2025-01-20,0.8837280182319268,0.9918680600199167,1.0737216885634389
2025-01-21,0.8837280182319268,0.9918680600199167,1.0589989824694939
2025-01-22,0.8837280182319268,0.9918680600199167,1.0650103805718583
2025-01-23,0.8837280182319268,0.9918680600199167,1.0673100875478667
2025-01-24,0.8837280182319268,0.9918680600199167,1.062105832694699
2025-01-27,0.8837280182319268,0.9918680600199167,1.0500071281933012
2025-01-28,0.8837280182319268,0.9918680600199167,1.055898959499374
2025-01-29,0.8837280182319268,0.9918680600199167,1.0653668351531398
2025-01-30,0.8849343456839958,0.9918680600199167,1.0693407467741431
2025-01-31,0.8844918785111539,0.9918680600199167,1.0812486474623753
2025-02-01,0.8835558109714252,0.9918680600199167,1.0800413012999708
2025-02-03,0.8831140330659395,0.9918680600199167,1.074471428970539
2025-02-04,0.8831140330659395,0.9918680600199167,1.091866376604145
2025-02-05,0.8818736079767558,0.9918680600199167,1.0898909642446752
2025-02-06,0.8814326711727675,0.9918680600199167,1.0856157550768935
2025-02-07,0.8814326711727675,0.9918680600199167,1.0836195914552573
2025-02-10,0.8814326711727675,0.9918680600199167,1.075416554638296
2025-02-11,0.8814326711727675,0.9918680600199167,1.0611676241143304
2025-02-12,0.8814326711727675,0.9918680600199167,1.0599464437771484
2025-02-13,0.8814326711727675,0.9918680600199167,1.0593094429112548
2025-02-14,0.8814326711727675,0.9918680600199167,1.054611123592809
2025-02-17,0.8814326711727675,0.9918680600199167,1.0560024463132942
2025-02-18,0.8814326711727675,0.9918680600199167,1.0553493654650294
2025-02-19,0.8814326711727675,0.9918680600199167,1.0547790201685185
2025-02-20,0.8814326711727675,0.9918680600199167,1.0538706359129952
2025-02-21,0.8814326711727675,0.9918680600199167,1.0484778230542555
2025-02-24,0.8814326711727675,0.9918680600199167,1.0373219085807173
2025-02-25,0.8808786395946026,0.9918680600199167,1.0370551964708825
2025-02-26,0.8804382002748053,0.9918680600199167,1.0370551964708825
2025-02-27,0.8799491710949825,0.9918680600199167,1.036940211122082
2025-02-28,0.879509196509435,0.9918680600199167,1.0176065027089365
2025-03-03,0.8789621415727421,0.9918680600199167,1.0173582062213706
2025-03-04,0.8785226605019558,0.9918680600199167,1.0156725030414957
2025-03-05,0.8831488268878616,0.9918680600199167,1.0273849286367671
2025-03-06,0.8872487780988478,0.9918680600199167,1.0369240413074068
2025-03-07,0.8874022783421893,0.9918680600199167,1.0372828315285856
2025-03-10,0.8869585772030183,0.9918680600199167,1.0330422077977475
2025-03-11,0.8869585772030183,0.9918680600199167,1.034771569477245
2025-03-12,0.8869585772030183,0.9918680600199167,1.0335113120879316
2025-03-13,0.8869585772030183,0.9918680600199167,1.030139905728182
2025-03-14,0.8869585772030183,0.9918680600199167,1.030139905728182
2025-03-17,0.8869585772030183,0.9918680600199167,1.035270587924578
2025-03-18,0.8869585772030183,0.9918680600199167,1.0502440159782902
2025-03-19,0.8879386804652296,0.9929640899206301,1.0536153325057362
2025-03-20,0.8934244524687032,0.9924676078756699,1.0666340096298412
2025-03-21,0.8965016528463945,0.9953897064101435,1.073981573418188
2025-03-24,0.9024132641888916,0.9948920115569384,1.0881454327505022
2025-03-25,0.9026097183326713,0.9948920115569384,1.0886192083204815
2025-03-26,0.902158413473505,0.9948920115569384,1.0802574378227936
2025-03-27,0.902158413473505,0.9948920115569384,1.0850914039199024
2025-03-28,0.902158413473505,0.9948920115569384,1.081752247357199
2025-03-31,0.902158413473505,0.9948920115569384,1.081752247357199
2025-04-01,0.902158413473505,0.9948920115569384,1.0654864019494308
2025-04-02,0.902158413473505,0.9948920115569384,1.0731513432669275
2025-04-03,0.902158413473505,0.9948920115569384,1.0693683252913937
2025-04-04,0.902158413473505,0.9948920115569384,1.0534704329997868
2025-04-07,0.902158413473505,0.9948920115569384,1.0193037044236908
2025-04-08,0.902158413473505,0.9948920115569384,1.0365170111391135
2025-04-09,0.8989711527504685,0.9948920115569384,1.030229648199628
2025-04-10,0.8985216671740933,0.9948920115569384,1.030229648199628
2025-04-11,0.8985216671740933,0.9948920115569384,1.049979549676049
2025-04-14,0.8980724063405063,0.9948920115569384,1.049979549676049
2025-04-15,0.8976233701373362,0.9948920115569384,1.0729766194361328
2025-04-16,0.8976233701373362,0.9948920115569384,1.0779738108291559
2025-04-17,0.8976233701373362,0.9948920115569384,1.097036135852672
2025-04-21,0.9023284867483862,0.9948920115569384,1.1096339486337066
2025-04-22,0.9031082905608347,0.9948920115569384,1.1115518683187762
2025-04-23,0.9026567364155543,0.9948920115569384,1.1189890847462658
2025-04-24,0.9006795814302035,0.9948920115569384,1.115206066770732
2025-04-25,0.8968284271411865,0.9948920115569384,1.105669199907686
2025-04-28,0.8963800129276159,0.9948920115569384,1.1189684233164032
2025-04-29,0.8963800129276159,0.9948920115569384,1.119311043722907
2025-04-30,0.8963800129276159,0.9948920115569384,1.1192305539787468
2025-05-01,0.8963800129276159,0.9948920115569384,1.1192305539787468
2025-05-02,0.896162049321061,0.9948920115569384,1.1198054807227489
2025-05-05,0.8982684292416647,0.9948920115569384,1.1250695638902144
2025-05-06,0.8978192950270439,0.9948920115569384,1.1213187058794232
2025-05-07,0.8980111836983891,0.9948920115569384,1.1229193378676465
2025-05-08,0.8954254142422025,0.9948920115569384,1.1164525798175717
2025-05-09,0.8905229109877363,0.9948920115569384,1.1042273016001896
2025-05-12,0.9075243616871165,0.9948920115569384,1.1463900933654059
2025-05-13,0.9012189554430929,0.9948920115569384,1.1304600411090564
2025-05-14,0.9028424094961544,0.9948920115569384,1.1345328580964888
2025-05-15,0.9023909882914063,0.9948920115569384,1.1527097061019376
2025-05-16,0.9011782827500137,0.9948920115569384,1.1507642078996168
2025-05-19,0.9007276936086387,0.9948920115569384,1.1473444717604493
2025-05-20,0.9007276936086387,0.9948920115569384,1.1353147584683316
2025-05-21,0.9007276936086387,0.9948920115569384,1.141273245343787
2025-05-22,0.9007276936086387,0.9948920115569384,1.1319019394165528
2025-05-23,0.9007276936086387,0.9948920115569384,1.14309926658212
2025-05-26,0.9029592372174052,0.9948920115569384,1.149906399231105
2025-05-27,0.8997999070618262,0.9948920115569384,1.1418596706226694
2025-05-28,0.8993500071082954,0.9948920115569384,1.138467602833057
2025-05-29,0.8993500071082954,0.9948920115569384,1.1422000452215795
2025-05-30,0.8993500071082954,0.9948920115569384,1.1383871130888967
2025-06-02,0.8993500071082954,0.9948920115569384,1.1368187308977198
2025-06-03,0.8993500071082954,0.9948920115569384,1.1288111691737193
2025-06-04,0.8993500071082954,0.9948920115569384,1.1323848778815149
2025-06-05,0.8993500071082954,0.9948920115569384,1.138396365816183
2025-06-06,0.8993500071082954,0.9948920115569384,1.1499938060626542
2025-06-09,0.9007014822676856,0.9963870600133433,1.154600047269756
2025-06-10,0.9007203332559833,0.9958888664833367,1.1546483770491736
2025-06-11,0.9013867963493707,0.9958888664833367,1.1563570772988083
2025-06-12,0.8968478249793945,0.9958888664833367,1.1447113072729196
2025-06-13,0.8963994010669049,0.9958888664833367,1.1369107191767598
2025-06-16,0.8963994010669049,0.9958888664833367,1.1473928015398667
2025-06-17,0.8942785331747751,0.9958888664833367,1.1431107651169998
2025-06-18,0.8935346094573354,0.9958888664833367,1.1412089254143016
2025-06-19,0.8931960814396431,0.9958888664833367,1.140344199658401
2025-06-20,0.8927494833989233,0.9958888664833367,1.155023247252723
2025-06-23,0.8898057109479954,0.9958888664833367,1.1485610706501395
2025-06-24,0.8893608080925215,0.9958888664833367,1.151893310125454
2025-06-25,0.8893608080925215,0.9958888664833367,1.1611105536517565
2025-06-26,0.8942754207268724,0.9958888664833367,1.1751042706007677
2025-06-27,0.8958295394010518,0.9958888664833367,1.1791885861230802
2025-06-30,0.8953816246313513,0.9958888664833367,1.1736347937760199
2025-07-01,0.895368166901056,0.9958888664833367,1.174773148729144
2025-07-02,0.8938187284651149,0.9958888664833367,1.1707072488291004
2025-07-03,0.8933718191008824,0.9958888664833367,1.1684949486846412
2025-07-04,0.8933718191008824,0.9958888664833367,1.171056786322993
2025-07-07,0.8929304100754383,0.9958888664833367,1.1710706204977706
2025-07-08,0.8940035414909192,0.9958888664833367,1.1738854259034832
2025-07-09,0.8931908837664544,0.9958888664833367,1.1717512798632868
2025-07-10,0.8910723928856767,0.9958888664833367,1.1661929060687353
2025-07-11,0.8874631479053695,0.9958888664833367,1.156745691844832
2025-07-14,0.8862713496128106,0.9958888664833367,1.153638841619627
2025-07-15,0.8882765842812398,0.9958888664833367,1.1588591764551661
2025-07-16,0.8885630307137207,0.9958888664833367,1.1596065812223688
2025-07-17,0.8867902509020915,0.9958888664833367,1.1549794989207969
2025-07-18,0.8842644248320951,0.9958888664833367,1.148400091161819
2025-07-21,0.8864300522094541,0.9958888664833367,1.1540251205257532
2025-07-22,0.8859036703709025,0.9958888664833367,1.1526545490674345
2025-07-23,0.8887139980405672,0.9958888664833367,1.159967617251141
2025-07-24,0.8859336586850092,0.9958888664833367,1.1527097061019371
2025-07-25,0.8819550750146379,0.9958888664833367,1.142356443262408
2025-07-28,0.8791835478032982,0.9958888664833367,1.1351767760497706
2025-07-29,0.8816806375485875,0.9958888664833367,1.1416251184775768
2025-07-30,0.8822836344209131,0.9958888664833367,1.1431866734136686
2025-07-31,0.8807448118752731,0.9958888664833367,1.1391989276178878
2025-08-01,0.8771355444103345,0.9958888664833367,1.1298621172952938
2025-08-04,0.8799456301513607,0.9958888664833367,1.137101612822229
2025-08-05,0.8786429568510693,0.9958888664833367,1.1337348777422742
2025-08-06,0.877299988772951,0.9958888664833367,1.1302691474635866
2025-08-07,0.8776918176717904,0.9958888664833367,1.1312787727254365
2025-08-08,0.8735373017485505,0.9958888664833367,1.1205690553046261
2025-08-11,0.8775126846082453,0.9958888664833367,1.1307682557432233
2025-08-12,0.8757699699563044,0.9958888664833367,1.1262769100526182
2025-08-13,0.8781294928435254,0.9958888664833367,1.132345800829383
2025-08-14,0.8776904280971036,0.9958888664833367,1.1328954846960313
2025-08-15,0.8776904280971036,0.9958888664833367,1.1328954846960313
2025-08-18,0.8776904280971036,0.9958888664833367,1.1441938732033174
2025-08-19,0.8790809375425995,0.9958888664833367,1.148963519370941
2025-08-20,0.8803108514952859,0.9958888664833367,1.1521785276898617
2025-08-21,0.8808941846279982,0.9958888664833367,1.1537054971890097
2025-08-22,0.877142684420791,0.9958888664833367,1.143878831314065
2025-08-25,0.8767041130785806,0.9958888664833367,1.1483701770046701
2025-08-26,0.8767041130785806,0.9958888664833367,1.1366095114622847
2025-08-27,0.8767041130785806,0.9958888664833367,1.1366095114622847
2025-08-28,0.8767041130785806,0.9958888664833367,1.1268978309361406
2025-08-29,0.8767041130785806,0.9958888664833367,1.1234919289717507
2025-09-01,0.8767041130785806,0.9958888664833367,1.1326080213240302
2025-09-02,0.8767041130785806,0.9958888664833367,1.1305175337834563
2025-09-03,0.8767041130785806,0.9958888664833367,1.1367474938808453
2025-09-04,0.8767041130785806,0.9958888664833367,1.1376328810666085
2025-09-05,0.8767041130785806,0.9958888664833367,1.137941005868472
2025-09-08,0.8767041130785806,0.9958888664833367,1.1394197354205062
2025-09-09,0.8767041130785806,0.9958888664833367,1.1438098401047847
2025-09-10,0.8767041130785806,0.9958888664833367,1.1486162276846423
2025-09-11,0.8767041130785806,0.9958888664833367,1.1501064557715566
2025-09-12,0.8781677905009366,0.9958888664833367,1.1550968199094949
2025-09-15,0.87738451019746,0.9958888664833367,1.15303624652607
2025-09-16,0.8803576400870533,0.9958888664833367,1.160850668797007
2025-09-17,0.8819473351242294,0.9971892361857809,1.165043052580731
2025-09-18,0.8835724560611166,0.996690641567688,1.1693365875384778
2025-09-19,0.8818947257926464,0.996690641567688,1.1648959072671878
2025-09-22,0.879723661606639,0.996690641567688,1.1591603841696407
2025-09-23,0.8791503305662868,0.996690641567688,1.157649494652864
2025-09-24,0.8771838238060479,0.996690641567688,1.1524705725093538
2025-09-25,0.8742772979195229,0.996690641567688,1.1448332097091085
2025-09-26,0.8701299721219233,0.996690641567688,1.13397167569496
2025-09-29,0.8697805954450554,0.996690641567688,1.133061045631843
2025-09-30,0.8693604302046966,0.996690641567688,1.1319663491783416
2025-10-01,0.8733379239122364,0.996690641567688,1.1423242832976657
2025-10-02,0.8733379239122364,0.9961922962469043,1.1423242832976657
2025-10-03,0.8743567803603285,0.995694200098781,1.1449896077499377
2025-10-06,0.8775775517244728,0.995694200098781,1.1534249509043975
2025-10-07,0.8781138478755297,0.995694200098781,1.1548346892471513
2025-10-08,0.8770270535294256,0.995694200098781,1.1519761355095122
2025-10-09,0.8765885400026608,0.995694200098781,1.1582152585018837
2025-10-10,0.8779525337591113,0.995694200098781,1.1629778977498146
2025-10-13,0.8769456019241814,0.995694200098781,1.1603102376576448
2025-10-14,0.8755229860713066,0.995694200098781,1.15654563530438
2025-10-15,0.8786226967883799,0.995694200098781,1.1647349277788672
2025-10-16,0.8831635191412751,0.995694200098781,1.176773893798271
2025-10-17,0.8853131319656904,0.9976198645855886,1.1825024099761259
2025-10-20,0.887608223806657,0.9971210546532958,1.1886334647070858
2025-10-21,0.8880452629352176,0.9971210546532958,1.1898039796249524
2025-10-22,0.8880452629352176,0.9971210546532958,1.1898039796249524
2025-10-23,0.888436627873522,0.9971210546532958,1.1908526819389338
2025-10-24,0.8867852682687362,0.9971210546532958,1.1864257460101175
2025-10-27,0.8897228737188425,0.9971210546532958,1.1942861624205747
2025-10-28,0.8892114440409864,0.9971210546532958,1.1929131654900547
2025-10-29,0.8912291110886048,0.9971210546532958,1.1983267296109605
2025-10-30,0.8882180152655712,0.9971210546532958,1.1902294254155135
2025-10-31,0.8855450737737963,0.9971210546532958,1.1830658381852472
2025-11-03,0.8862551389482555,0.9971210546532958,1.1849630964404543
2025-11-04,0.8834051255306783,0.9971210546532958,1.177341903454884
2025-11-05,0.8834051255306783,0.9971210546532958,1.177341903454884
2025-11-06,0.8818874761596396,0.9971210546532958,1.173296664984703
2025-11-07,0.881586738310784,0.9971210546532958,1.1724964388228951
2025-11-10,0.8830054638975727,0.9971210546532958,1.1762702040711426
2025-11-11,0.8850874350062924,0.9971210546532958,1.181817079330814
2025-11-12,0.8882022387018996,0.9971210546532958,1.1901351913288793
2025-11-13,0.888259727368063,0.9971210546532958,1.190289253729811
2025-11-14,0.887815597504379,0.9971210546532958,1.191710490607445
2025-11-17,0.8891431788151061,0.9971210546532958,1.1964662127679873
2025-11-18,0.8873760925930875,0.9971210546532958,1.191710490607445
2025-11-19,0.8898179921717648,0.9971210546532958,1.1982692369365602
2025-11-20,0.8922002758942807,0.9971210546532958,1.2046854193996237
2025-11-21,0.8900883295179631,0.9971210546532958,1.198982146099123
2025-11-24,0.8882334137827896,0.9971210546532958,1.193984864873796
2025-11-25,0.8869554549993536,0.9971210546532958,1.190549138584561
2025-11-26,0.8924465002217918,0.9971210546532958,1.2052902603007747
2025-11-27,0.8926210369825723,0.9971210546532958,1.2057617002308565
2025-11-28,0.8924064998194928,0.9971210546532958,1.2051821022070592
2025-12-01,0.8919433313532283,0.9971210546532958,1.2039310975450321
2025-12-02,0.8914973596875517,0.9971210546532958,1.1973286028839905
2025-12-03,0.8902605429694458,0.9971210546532958,1.1952037095710801
2025-12-04,0.8898154126979612,0.9971210546532958,1.1973999297331681
2025-12-05,0.891980081375166,0.9971210546532958,1.2044231989049763
2025-12-08,0.8881327306904558,0.9971210546532958,1.1940331946532134
2025-12-09,0.8876886643251106,0.9971210546532958,1.1884724852187645
2025-12-10,0.8876886643251106,0.9971210546532958,1.184717045760482
2025-12-11,0.8896666954350954,0.9971210546532958,1.1911815580029632
2025-12-12,0.8892218620873779,0.9971210546532958,1.198007016441913
2025-12-15,0.8892218620873779,0.9971210546532958,1.1971033034661847
2025-12-16,0.8892218620873779,0.9971210546532958,1.1894130294390304
2025-12-17,0.8892218620873779,0.9971210546532958,1.1875020268413496
2025-12-18,0.8892218620873779,0.9971210546532958,1.187364044422789
2025-12-19,0.8892218620873779,0.9971210546532958,1.1943022424029457
2025-12-22,0.8892218620873779,0.9971210546532958,1.2037770351441002
2025-12-23,0.8888579431024659,0.9971210546532958,1.203995507306821
2025-12-24,0.8884135141309147,0.9971210546532958,1.2023833767837175
2025-12-26,0.8862735249209188,0.9971210546532958,1.197793215558987
2025-12-29,0.8845684980389852,0.9971210546532958,1.193184548879684
2025-12-30,0.8841262137899657,0.9971210546532958,1.1930350679262434
2025-12-31,0.8869350094879169,0.9971210546532958,1.2018084500397153
2026-01-01,0.8872227021432302,0.9971210546532958,1.2025881046039641
2026-01-02,0.890310576584892,0.9971210546532958,1.2109590379966346
2026-01-05,0.8889875489105511,0.9951407429431015,1.2073599965791815
2026-01-06,0.8877751266591742,0.99464317257163,1.2040667443236945
2026-01-07,0.8871316574745353,0.99464317257163,1.2023213026618256
2026-01-08,0.882653698905188,0.99464317257163,1.1901834312759925
2026-01-09,0.8793527447387773,0.99464317257163,1.1812813194712464
2026-01-12,0.878913068366408,0.99464317257163,1.1862003567600068
2026-01-13,0.8774861780993025,0.99464317257163,1.1835350323077345
2026-01-14,0.8763489040389514,0.99464317257163,1.180467169302357
2026-01-15,0.8763489040389514,0.99464317257163,1.180467169302357
2026-01-16,0.8768397367366982,0.99464317257163,1.1817895008135617
2026-01-19,0.8749824477942016,0.99464317257163,1.1767830566932522
2026-01-20,0.8689464351293846,0.99464317257163,1.160547125442633
2026-01-21,0.8676550255854492,0.99464317257163,1.1570975649786204
2026-01-22,0.8672211980726565,0.99464317257163,1.1631872070175513
2026-01-23,0.8672211980726565,0.99464317257163,1.1520911208583107
2026-01-26,0.8672211980726565,0.99464317257163,1.1520911208583107
2026-01-27,0.8672211980726565,0.99464317257163,1.1579208780424919
2026-01-28,0.8696699473663595,0.99464317257163,1.1656179793247312
2026-01-29,0.8692351123926764,0.99464317257163,1.1691204510156525
2026-01-30,0.8692351123926764,0.99464317257163,1.164601526807796
2026-02-02,0.8692351123926764,0.99464317257163,1.153919387904237
2026-02-03,0.8692351123926764,0.99464317257163,1.183316560145013
2026-02-04,0.8692351123926764,0.99464317257163,1.1855449402718437
2026-02-05,0.8692351123926764,0.99464317257163,1.1794185568206788
2026-02-06,0.8692351123926764,0.99464317257163,1.1817595866564123
2026-02-09,0.8692351123926764,0.99464317257163,1.1897442411429564
2026-02-10,0.8692351123926764,0.99464317257163,1.1928649255429389
2026-02-11,0.8692351123926764,0.99464317257163,1.1937249800190446
2026-02-12,0.8692351123926764,0.99464317257163,1.1869799214919512
2026-02-13,0.8692351123926764,0.99464317257163,1.1715213091656835
2026-02-16,0.8692351123926764,0.99464317257163,1.181255986761588
2026-02-17,0.8692351123926764,0.99464317257163,1.183217654778584
2026-02-18,0.8692351123926764,0.99464317257163,1.1875387682535823
2026-02-19,0.8692351123926764,0.99464317257163,1.170750907328721
2026-02-20,0.8692351123926764,0.99464317257163,1.1761276402050895
2026-02-23,0.8692351123926764,0.99464317257163,1.1826473094820733
2026-02-24,0.8692351123926764,0.99464317257163,1.1693849173178936
2026-02-25,0.8692351123926764,0.99464317257163,1.1720456603226745
2026-02-26,0.8692351123926764,0.99464317257163,1.1726919139158545
2026-02-27,0.8692351123926764,0.99464317257163,1.1580703589959325
2026-03-02,0.8692351123926764,0.99464317257163,1.1436764391337138
2026-03-03,0.8692351123926764,0.99464317257163,1.1436764391337138
2026-03-04,0.8692351123926764,0.99464317257163,1.1259595325234666
2026-03-05,0.87386738563981,0.99464317257163,1.1390862779089832
2026-03-06,0.8683020218429063,0.99464317257163,1.124577372697964
2026-03-09,0.8608017625629403,0.99464317257163,1.1051495200304882
2026-03-10,0.8603713616816588,0.99464317257163,1.1158913974160412
2026-03-11,0.8529418107385911,0.99464317257163,1.097735210840455
2026-03-12,0.8488731090221295,0.99464317257163,1.0872623812046343
2026-03-13,0.8484486724676186,0.99464317257163,1.064814905478895
2026-03-16,0.8527466043325993,0.99464317257163,1.0766676491326244
2026-03-17,0.855885819910663,0.99464317257163,1.0845947211124647
2026-03-18,0.8554578770007077,0.99464317257163,1.0936394866155663
2026-03-19,0.8410772967753453,0.99464317257163,1.0579641143302876
2026-03-20,0.8431313374659366,0.99464317257163,1.0631315379389177
2026-03-23,0.8427097717972036,0.99464317257163,1.0354499830351653
2026-03-24,0.8427097717972036,0.99464317257163,1.0538361403083525
2026-03-25,0.8427097717972036,0.99464317257163,1.0719600770868922
2026-03-26,0.8427097717972036,0.99464317257163,1.0719600770868922
2026-03-27,0.8427097717972036,0.99464317257163,1.0495678482279593
2026-03-30,0.8427097717972036,0.99464317257163,1.027113545247135
2026-03-31,0.8422884169113051,0.99464317257163,1.027113545247135
2026-04-01,0.8418672727028494,0.99464317257163,1.0431195058001532
2026-04-02,0.8420718024582244,0.99464317257163,1.0446694723690615
2026-04-03,0.8416507665569953,0.99464317257163,1.0446694723690615
2026-04-06,0.8416507665569953,0.99464317257163,1.056404895034093
2026-04-07,0.844077194619077,0.99464317257163,1.0635524022819878
2026-04-08,0.8436551560217675,0.99464317257163,1.1037374460478369
2026-04-09,0.8436551560217675,0.99464317257163,1.0935152485394795
2026-04-10,0.8436551560217675,0.99464317257163,1.1061866339772857
2026-04-13,0.8395860715470773,0.99464317257163,1.0966221885969882
2026-04-14,0.8391662785113039,0.99464317257163,1.0966221885969882
2026-04-15,0.8391662785113039,0.99464317257163,1.1144978288879623
2026-04-16,0.8391662785113039,0.99464317257163,1.112908695434619
2026-04-17,0.8391662785113039,0.99464317257163,1.1201206124443028
2026-04-20,0.8391662785113039,0.99464317257163,1.1206402923214984
2026-04-21,0.8391662785113039,0.99464317257163,1.130379551364894
2026-04-22,0.8353578110485035,0.99464317257163,1.1212497146701406
2026-04-23,0.8349401321429792,0.99464317257163,1.1118186702609125
2026-04-24,0.8349401321429792,0.99464317257163,1.0991656106130714
2026-04-27,0.8349401321429792,0.99464317257163,1.108122969284624
2026-04-28,0.8328418791957012,0.99464317257163,1.1036615377511676
2026-04-29,0.8324254582561034,0.99464317257163,1.1120302253362444
2026-04-30,0.8324254582561034,0.99464317257163,1.103746698775123
2026-05-01,0.8324254582561034,0.99464317257163,1.103746698775123
2026-05-04,0.8324254582561034,0.99464317257163,1.1093464852617034
2026-05-05,0.8324254582561034,0.99464317257163,1.105367992193209
2026-05-06,0.8324254582561034,0.99464317257163,1.1190810730253038
2026-05-07,0.8319357084458745,0.99464317257163,1.1188833521247492
2026-05-08,0.8315197405916516,0.99464317257163,1.111961234126964
2026-05-11,0.8315197405916516,0.99464317257163,1.0953895097249262
2026-05-12,0.8315197405916516,0.99464317257163,1.0753223205516593
2026-05-13,0.8316916898960631,0.99464317257163,1.0768423729634184
2026-05-14,0.8312758440511151,0.99464317257163,1.0895827496105048
2026-05-15,0.8300513808993364,0.99464317257163,1.0874624377450859
2026-05-18,0.8296363552088868,0.99464317257163,1.0877590640120696
2026-05-19,0.8296363552088868,0.99464317257163,1.0862895871873217
2026-05-20,0.8296363552088868,0.99464317257163,1.0881753469076487
2026-05-21,0.8296363552088868,0.99464317257163,1.0879775361747905
2026-05-22,0.8296363552088868,0.99464317257163,1.0909488294536365
2026-05-25,0.8296363552088868,0.99464317257163,1.1053173267738938
2026-05-26,0.8271847045746272,0.99464317257163,1.099890018310514
2026-05-27,0.82677111222234,0.99464317257163,1.0995888105960392
2026-05-28,0.82677111222234,0.99464317257163,1.0995888105960392
2026-05-29,0.82677111222234,0.99464317257163,1.0830584988860301
2026-06-01,0.82677111222234,0.99464317257163,1.0754625487778136
2026-06-02,0.82677111222234,0.99464317257163,1.0801057110617567
2026-06-03,0.82677111222234,0.99464317257163,1.0765204139867772
2026-06-04,0.82677111222234,0.99464317257163,1.0770241037139052
2026-06-05,0.82677111222234,0.99464317257163,1.0747312239929818
2026-06-08,0.82677111222234,0.99464317257163,1.0635224881248384
2026-06-09,0.82677111222234,0.99464317257163,1.0690003721752295
2026-06-10,0.82677111222234,0.99464317257163,1.0677516133207963
